{
  "mse": 0.13068082928657532,
  "rmse": 0.36149802803993225,
  "mae": 0.2830459475517273,
  "r2": 0.8949594348669052,
  "rmse_original": 8358.455078125,
  "mae_original": 4920.60546875,
  "mape": 29.711973667144775
}