airline,mae,count
6,6946.867960446108,25267
2,5371.252711424931,16076
5,1996.1213402341543,1771
1,1819.9727436147837,3250
4,1748.0390152915782,8652
3,1512.152746632266,4617
