stops,mae,count
2,5491.535923449742,2457
1,5202.14781966947,50059
3,2743.211321977747,7117
