airline,mae,count
6,3510.660948279407,25267
2,2524.156180111025,16076
5,1257.012504245924,1771
4,1170.4173347801177,8652
3,1014.4223807840758,4617
1,986.0456043419471,3250
