stops,mae,count
1,2732.5383507032016,50059
2,2013.1692834527307,2457
3,1094.360963337673,7117
