airline,mae,count
6,5584.011764902598,25267
2,3729.3161781388867,16076
5,1393.2746416605644,1771
4,1189.4149424164482,8652
3,1058.0208767731262,4617
1,1016.3346756685697,3250
