stops,mae,count
1,4053.5418891962368,50059
2,2763.717807619175,2457
3,1725.9072102167072,7117
