{
  "mse": 0.04917607828974724,
  "rmse": 0.22175680100917816,
  "mae": 0.1514163315296173,
  "r2": 0.9604725241661072,
  "rmse_original": 4614.671875,
  "mae_original": 2507.3876953125,
  "mape": 14.612162113189697
}