{
  "train": {
    "mse": 0.05773724243044853,
    "rmse": 0.2402857542037964,
    "mae": 0.1789134442806244,
    "r2": 0.9535959511995316
  },
  "val": {
    "mse": 0.05845753476023674,
    "rmse": 0.24177992343902588,
    "mae": 0.18014167249202728,
    "r2": 0.9528177939355373
  }
}