{
  "train_loss": [
    1.402524073553436,
    0.6555862208353538,
    0.5935105895806178,
    0.5449337341329631,
    0.48725596234640656,
    0.4534741062670946,
    0.4268709473750171,
    0.4135733038260072,
    0.39864501609083486,
    0.38671113543358504,
    0.376623942827185,
    0.36615619885132594,
    0.35612948768425223,
    0.3480442259095463,
    0.3419844725479682,
    0.33515269316586793,
    0.32896721618724806,
    0.3205091318517339,
    0.3161100657181997,
    0.309004311468087,
    0.30443179410170107,
    0.29982247262024414,
    0.2945107750083302,
    0.2908850283562845,
    0.285326200573906,
    0.28153544151242454,
    0.27603929984730247,
    0.2720985363474956,
    0.2676101710610822,
    0.2644134892114237,
    0.26080339805533487,
    0.25863355087737244,
    0.25384652979818045,
    0.25112425552352385,
    0.24757472168215933,
    0.24546876896684075
  ],
  "val_loss": [
    0.5442108137485309,
    0.3932516934015812,
    0.43933026989301044,
    0.40608637404238057,
    0.36356802501230157,
    0.4172821778517503,
    0.36165659116883564,
    0.27474996192842466,
    0.3495297266377343,
    0.3187450496559469,
    0.24329027673627576,
    0.2854689795237321,
    0.2240740763835418,
    0.32071679524886304,
    0.231712171027803,
    0.32512873334762377,
    0.2406162271896998,
    0.2526053751890476,
    0.21814821660518646,
    0.2579141592877543,
    0.25561867870836175,
    0.22115272500066677,
    0.1956454248000414,
    0.3234179254271026,
    0.22092838700001055,
    0.17504452309037885,
    0.19439814704605657,
    0.25111353983227,
    0.2055828605706875,
    0.1874437933294182,
    0.18248422214618096,
    0.20653587605199245,
    0.19064868884718317,
    0.19634384986681816,
    0.1969566001341893,
    0.1800312297975915
  ],
  "train_mae": [
    1.4029648303985596,
    0.6556981205940247,
    0.5934181213378906,
    0.5445891618728638,
    0.4872945547103882,
    0.45351076126098633,
    0.4268730580806732,
    0.4135938286781311,
    0.39867180585861206,
    0.3867088258266449,
    0.3766206204891205,
    0.366094172000885,
    0.35602450370788574,
    0.348055362701416,
    0.3418649733066559,
    0.3351447880268097,
    0.32894495129585266,
    0.32049205899238586,
    0.3160933256149292,
    0.3090408146381378,
    0.3044102191925049,
    0.29982757568359375,
    0.294426292181015,
    0.290814608335495,
    0.2852925956249237,
    0.2814563512802124,
    0.2759811282157898,
    0.27203014492988586,
    0.2675606906414032,
    0.2644155025482178,
    0.2607174813747406,
    0.2584785223007202,
    0.2538580298423767,
    0.25108838081359863,
    0.24753117561340332,
    0.24547432363033295
  ],
  "val_mae": [
    0.5441401600837708,
    0.39332079887390137,
    0.4393679201602936,
    0.40603286027908325,
    0.36361247301101685,
    0.41717708110809326,
    0.36163559556007385,
    0.2747921943664551,
    0.34954512119293213,
    0.3187251687049866,
    0.243276447057724,
    0.285523384809494,
    0.22412586212158203,
    0.3207264244556427,
    0.2317190319299698,
    0.3251149654388428,
    0.24060046672821045,
    0.252644419670105,
    0.21814313530921936,
    0.2579248547554016,
    0.2556155323982239,
    0.2211952805519104,
    0.19568872451782227,
    0.3233967423439026,
    0.22096987068653107,
    0.17513610422611237,
    0.19444233179092407,
    0.2511180639266968,
    0.2056475281715393,
    0.18751762807369232,
    0.18256714940071106,
    0.20659607648849487,
    0.1907459944486618,
    0.19642330706119537,
    0.19704954326152802,
    0.18014167249202728
  ]
}