{
  "mse": 0.057534102350473404,
  "rmse": 0.23986268043518066,
  "mae": 0.17898957431316376,
  "r2": 0.9537543877959251,
  "rmse_original": 6425.1806640625,
  "mae_original": 3722.60302734375,
  "mape": 18.573537468910217
}