{
  "train": {
    "mse": 0.13109663128852844,
    "rmse": 0.3620726764202118,
    "mae": 0.283558189868927,
    "r2": 0.8946362137794495,
    "rmse_original": 8350.26171875,
    "mae_original": 4926.1923828125
  },
  "val": {
    "mse": 0.1320682317018509,
    "rmse": 0.36341193318367004,
    "mae": 0.28368261456489563,
    "r2": 0.8934051841497421,
    "rmse_original": 8300.2734375,
    "mae_original": 4909.4169921875
  }
}