{
  "train_loss": [
    1.978012350771357,
    0.6719891328145476,
    0.6305826981278027,
    0.6058514000592279,
    0.5799316161987829,
    0.5567352225383123,
    0.5315832103803462,
    0.5070757501776896,
    0.4857956701707022,
    0.4652956189478145,
    0.44439661210658504,
    0.42555334276574497,
    0.40685661925989036,
    0.38926063602169353,
    0.37449123644653487,
    0.358920765091099,
    0.3440035001612177,
    0.3301545194916281,
    0.31868766408924964,
    0.30697159578695016,
    0.295588761933294,
    0.2857872601415889,
    0.27702109261835905,
    0.26766303797051605,
    0.2583865750507981,
    0.2513619677035832,
    0.2448449027633258,
    0.23746652919433864,
    0.2306671050541541,
    0.22563218402073665,
    0.22066062730828337,
    0.2181755748266975,
    0.21464277044230817,
    0.2134121520371706,
    0.21261109468326264,
    0.2120943198199658,
    0.21126768268717855,
    0.21030703261859862,
    0.20974895485914222
  ],
  "val_loss": [
    0.295409861792866,
    0.27011000014777875,
    0.2298147460589042,
    0.20211502947868445,
    0.19673283410887432,
    0.2015298796005738,
    0.20968872130426586,
    0.23966163244002905,
    0.20445119557727096,
    0.19942662361850086,
    0.18749562084165394,
    0.1920809177761404,
    0.2085116359158459,
    0.1744858166600904,
    0.17114592923058403,
    0.17642566345186314,
    0.18199263232895452,
    0.16435128055576587,
    0.19602014493738484,
    0.18046440044019976,
    0.1615414299771317,
    0.1614349605435999,
    0.16977582859177875,
    0.16183537792446268,
    0.15653799728960052,
    0.1668669730424881,
    0.15242607369382158,
    0.16137822532755697,
    0.15152045460338268,
    0.15417203281679723,
    0.15241855312871117,
    0.1626746524602939,
    0.1551736407300346,
    0.15577833354473114,
    0.15547919515361133,
    0.1563077278626271,
    0.16315758533966848,
    0.1547324744045225,
    0.15270028123234072
  ],
  "train_mae": [
    1.9791789054870605,
    0.672002375125885,
    0.6305719017982483,
    0.6058235764503479,
    0.5799844861030579,
    0.5567545890808105,
    0.5316307544708252,
    0.5070469975471497,
    0.48584240674972534,
    0.4651206433773041,
    0.44441622495651245,
    0.4254791736602783,
    0.40682992339134216,
    0.3892480731010437,
    0.3745129704475403,
    0.3588775098323822,
    0.34398311376571655,
    0.3302294909954071,
    0.3187168836593628,
    0.3069942891597748,
    0.29560577869415283,
    0.28571954369544983,
    0.2770587205886841,
    0.2675325274467468,
    0.25836101174354553,
    0.251316636800766,
    0.2448776215314865,
    0.23747068643569946,
    0.23070643842220306,
    0.22563402354717255,
    0.22066085040569305,
    0.21812808513641357,
    0.21458010375499725,
    0.2134096622467041,
    0.21262985467910767,
    0.21212270855903625,
    0.21122322976589203,
    0.21030323207378387,
    0.2097029983997345
  ],
  "val_mae": [
    0.29557204246520996,
    0.27022063732147217,
    0.22993239760398865,
    0.20222321152687073,
    0.19686448574066162,
    0.20157717168331146,
    0.20975729823112488,
    0.23973602056503296,
    0.20455791056156158,
    0.19956299662590027,
    0.18760184943675995,
    0.1922408789396286,
    0.2086154967546463,
    0.17464271187782288,
    0.1712731122970581,
    0.17657671868801117,
    0.1821315586566925,
    0.1644991636276245,
    0.1961481124162674,
    0.18060700595378876,
    0.16167379915714264,
    0.16155068576335907,
    0.16990430653095245,
    0.1619752049446106,
    0.15669402480125427,
    0.16699755191802979,
    0.15259194374084473,
    0.16151544451713562,
    0.15166179835796356,
    0.1542958766222,
    0.15257073938846588,
    0.16279925405979156,
    0.15529108047485352,
    0.15587526559829712,
    0.15556558966636658,
    0.15640364587306976,
    0.16323354840278625,
    0.1548447161912918,
    0.15278589725494385
  ]
}