{
  "train": {
    "mse": 0.04936680942773819,
    "rmse": 0.22218643128871918,
    "mae": 0.15106190741062164,
    "r2": 0.9603233598172665
  },
  "val": {
    "mse": 0.050520315766334534,
    "rmse": 0.22476725280284882,
    "mae": 0.15278589725494385,
    "r2": 0.9592240788042545
  }
}